station,a_teen,a_college,a_adult,a_mid,a_old,r_native,r_asian,r_black,r_latino,r_unknown,r_white,sex_f,s_m,sex_u,total
1,124,2570,2684,877,121,17,565,1457,2739,202,1423,1612,4770,21,6403
1 AVENUE,4,179,195,45,5,2,49,61,80,26,210,144,283,1,428
"1,2,3",96,2026,2298,758,117,10,385,1377,2070,290,1183,1425,3872,18,5315
102 STREET,0,4,5,1,0,0,1,1,8,0,0,1,9,0,10
103 ST.-CORONA PLAZA,10,406,678,208,12,0,14,12,1239,25,25,181,1130,4,1315
103 STREET,7,117,168,51,10,3,25,92,166,7,60,76,276,1,353
104 STREET,0,0,1,0,0,0,0,0,1,0,0,0,1,0,1
110 ST.-CATHEDRAL PKWY.,7,211,188,60,4,1,69,120,144,23,113,112,355,3,470
110 ST.-CENTRAL PARK NORTH,0,18,29,22,3,0,4,39,20,3,7,16,56,1,73
110 STREET,4,81,139,71,12,1,20,94,138,8,47,75,232,1,308
111 STREET,0,2,4,1,0,0,1,0,3,1,2,2,5,0,7
111 st-Roosevelt Ave,11,235,393,137,5,0,24,21,697,20,20,122,655,5,782
116 ST.-COLUMBIA UNIVERSITY,4,219,80,16,4,2,103,44,60,10,105,114,208,2,324
116 STREET,13,202,303,171,18,0,39,225,279,27,140,165,541,4,710
121 STREET,0,4,3,0,0,0,0,2,3,1,1,1,6,0,7
125 STREET,27,667,1128,549,54,7,133,1007,796,85,407,592,1832,11,2435
135 STREET,4,36,66,29,6,0,3,84,35,3,17,38,103,1,142
137 ST.-CITY COLLEGE,2,125,195,62,8,1,11,109,183,18,71,73,319,1,393
138 ST.-GRAND CONCOURSE,4,51,79,25,2,0,3,65,80,4,10,25,137,0,162
14 ST.-UNION SQUARE,1,49,68,17,1,1,19,27,48,8,33,35,101,0,136
14 STREET,119,2618,2460,654,111,15,693,1198,2023,243,1801,1724,4230,19,5973
145 STREET,38,632,896,323,49,2,79,749,751,63,303,493,1444,9,1947
148 ST.-HARLEM,0,3,3,0,3,0,1,3,2,1,2,5,4,0,9
149 ST.-GRAND CONCOURSE,3,120,278,135,9,0,9,255,242,4,37,85,460,2,547
15 ST.-PROSPECT PARK,0,2,2,0,0,0,0,1,3,0,0,1,3,0,4
155 STREET,0,20,38,5,2,0,2,34,22,1,6,9,56,0,65
157 STREET,4,48,73,37,1,0,2,39,100,5,18,46,117,1,164
161 ST.-YANKEE STADIUM,18,450,856,405,44,1,28,721,873,53,98,149,1619,6,1774
163 ST.-AMSTERDAM AVE.,3,85,108,49,5,0,8,56,109,7,70,47,201,2,250
167 STREET,0,47,69,30,4,0,2,59,82,3,4,22,127,1,150
168 ST.-WASHINGTON HTS.,11,352,582,242,30,1,74,286,599,39,224,308,909,6,1223
169 STREET,13,298,371,210,11,32,181,154,389,98,51,215,688,2,905
170 STREET,4,115,205,92,6,0,3,172,228,4,15,42,380,0,422
174-175 STREETS,2,20,26,13,2,0,1,23,38,1,0,6,57,0,63
175 STREET,2,79,106,57,6,0,19,62,118,5,49,69,184,0,253
176 STREET,1,58,99,48,3,0,1,96,105,3,5,19,191,0,210
179 ST.-JAMAICA,2,47,77,44,1,3,23,36,84,11,14,41,129,1,171
18 AVENUE,1,22,64,30,5,0,26,6,58,2,30,40,82,0,122
18 STREET,0,8,5,2,0,0,0,4,4,0,7,2,13,0,15
181 STREET,0,29,39,21,1,0,3,19,52,0,16,23,66,1,90
182-183 STREETS,0,38,56,20,1,0,2,46,62,1,5,11,105,0,116
183 STREET,3,28,31,25,0,0,1,26,55,1,4,13,73,1,87
190 STREET,1,3,5,5,2,0,2,6,5,1,2,4,12,0,16
191 STREET,2,31,40,20,3,0,1,24,62,1,8,17,79,0,96
2,2,114,176,58,13,1,10,233,98,5,16,38,325,0,363
2 AVENUE,4,217,195,76,17,2,83,68,146,20,192,150,357,4,511
"2,3",10,274,427,199,20,2,49,448,240,28,169,217,714,5,936
"2,3,4,5",14,510,723,224,25,3,103,664,367,47,315,405,1090,4,1499
"2,5",58,1579,2597,1240,122,11,165,2761,2259,99,312,809,4784,14,5607
20 AVENUE,1,23,54,34,3,0,26,9,43,2,35,38,77,0,115
200 ST.-DYCKMAN ST.,11,99,157,67,9,1,8,63,223,5,44,72,271,1,344
205 ST.-NORWOOD,0,24,28,13,1,0,0,22,43,0,1,16,50,0,66
207 ST.-INWOOD,1,12,36,15,2,0,3,14,41,0,8,15,51,0,66
207 STREET,0,8,11,3,0,0,1,6,13,0,2,1,21,0,22
21 ST.-QUEENSBRIDGE,2,8,15,2,2,0,3,6,20,0,0,10,19,0,29
21 STREET,0,8,9,5,0,0,1,0,17,2,2,4,18,0,22
215 STREET,0,0,2,1,0,0,2,0,1,0,0,1,2,0,3
219 STREET,0,21,29,11,3,0,0,37,22,3,2,3,60,1,64
225 ST.-MARBLE HILL,0,3,6,2,0,0,0,3,6,1,1,3,8,0,11
225 STREET,0,16,24,10,2,0,0,31,19,1,1,4,48,0,52
23 STREET,8,213,273,135,17,2,60,146,245,38,159,138,510,2,650
23 STREET-ELY AVENUE,0,8,24,4,0,0,2,1,27,2,4,10,26,0,36
231 STREET,0,13,10,2,1,0,2,6,17,0,3,2,26,0,28
233 STREET,1,31,49,31,6,0,2,58,52,2,4,18,100,0,118
238 ST.-NEREID AVE.,0,5,7,13,0,0,1,14,9,0,1,5,20,0,25
238 STREET,0,3,3,2,0,0,2,1,2,0,3,4,4,0,8
241 ST.-WAKEFIELD,2,114,176,58,13,1,10,233,98,5,16,38,325,0,363
242 ST.-VAN CORTLANDT PARK,0,57,68,34,0,0,4,34,101,1,20,29,131,0,160
25 AVENUE,0,6,23,16,2,0,11,3,15,0,18,15,32,0,47
25 STREET,1,26,70,30,1,0,4,44,54,3,24,13,115,1,129
28 STREET,18,465,591,195,19,5,140,307,521,44,271,302,980,6,1288
3,17,263,389,150,19,2,14,541,201,12,74,168,675,1,844
3 AVENUE,3,44,39,16,2,0,17,12,29,6,40,30,74,0,104
3 AVENUE-138 STREET,8,88,139,63,13,0,10,129,155,4,13,56,254,1,311
3 AVENUE-149 STREET,4,193,384,218,14,3,18,382,369,11,31,110,704,0,814
"3,4",6,236,330,128,19,2,23,444,153,13,87,175,545,2,722
30 AVENUE,0,6,12,2,1,0,1,4,10,3,3,2,18,1,21
33 STREET,20,523,716,241,31,7,173,291,730,55,281,365,1166,6,1537
34 ST.-HERALD SQ.,27,492,565,164,24,5,189,241,504,77,259,363,910,2,1275
34 ST.-PENN STATION,38,1231,1534,586,131,9,213,1004,1122,324,859,942,2576,13,3531
34 STREET,8,153,217,61,8,1,68,97,213,12,59,124,326,0,450
36 AVENUE,0,1,4,3,0,0,1,2,2,3,0,1,7,0,8
36 STREET,1,136,253,122,8,0,71,76,243,16,114,169,350,1,520
39 AVENUE,0,3,3,4,0,0,0,3,3,2,2,0,10,0,10
4,38,964,1803,909,94,2,56,1361,2136,62,198,373,3432,10,3815
4 AVENUE-9 STREET,6,76,158,44,4,0,22,56,88,11,111,94,194,0,288
"4,5",18,345,421,141,15,6,57,341,375,22,140,214,725,2,941
"4,5,6",199,4086,3993,1309,205,26,922,2267,3184,542,2870,2706,7058,47,9811
40 STREET,1,15,32,10,3,0,7,7,40,1,6,17,44,0,61
42 ST.-GRAND CENTRAL,105,2158,2090,706,116,12,418,1186,1584,390,1595,1430,3735,20,5185
42 ST.-PORT AUTHORITY BUS TERMINAL,76,1527,2394,716,77,26,325,914,2671,227,651,1184,3613,17,4814
42 ST.-TIMES SQUARE,69,1345,1476,300,48,19,280,720,1427,185,624,778,2465,12,3255
42 STREET,9,290,397,141,15,5,104,164,372,34,180,205,651,3,859
45 ROAD-COURT HOUSE SQUARE,3,26,33,8,1,0,11,5,39,10,6,9,62,0,71
45 STREET,0,8,31,15,3,1,5,12,33,2,5,16,42,0,58
46 STREET,13,273,424,169,8,3,100,69,535,68,113,205,679,4,888
47-50 STS./ROCKEFELLER CTR.,0,105,146,40,6,0,46,36,130,12,73,81,214,2,297
49 STREET,0,15,35,9,1,0,3,12,30,3,14,8,53,1,62
5,2,44,76,26,5,0,4,93,47,1,8,22,131,0,153
5 AVENUE,4,59,67,18,3,0,16,27,88,4,17,38,113,1,152
50 STREET,3,138,230,71,9,1,55,75,191,21,112,129,324,2,455
51 STREET,3,134,175,46,9,0,40,66,154,16,93,123,245,1,369
52 STREET,0,54,112,59,3,0,32,9,137,29,21,69,159,0,228
53 STREET,2,22,43,22,1,0,6,14,59,2,9,11,79,0,90
55 STREET,0,1,7,3,0,0,0,1,7,0,3,6,5,0,11
57 STREET,2,68,89,23,4,2,32,14,98,9,36,36,155,0,191
59 ST.-COLUMBUS CIRCLE,106,1800,1898,572,82,12,462,884,1755,162,1207,1290,3180,12,4482
59 STREET,27,459,619,208,19,7,125,287,622,45,249,288,1039,8,1335
6,175,3504,4450,1833,222,32,858,2487,4803,309,1718,2183,7993,31,10207
6 AVENUE,0,14,13,3,1,0,5,6,10,1,9,6,25,0,31
61 ST.-WOODSIDE,1,73,112,44,2,3,26,10,158,21,15,44,189,0,233
62 STREET,0,3,17,3,0,0,2,3,12,3,3,5,18,0,23
63 DRIVE-REGO PARK,1,16,17,13,2,0,9,2,23,4,11,22,27,0,49
65 STREET,0,2,6,3,0,1,1,0,8,0,1,2,9,0,11
66 ST.-LINCOLN CENTER,0,14,10,8,3,0,3,9,12,1,10,6,29,0,35
67 AVENUE,1,1,13,8,0,0,5,4,8,0,6,11,12,0,23
68 ST.-HUNTER COLLEGE,14,257,216,115,4,4,87,99,223,18,176,213,391,3,607
69 STREET,10,225,362,125,11,2,74,18,577,39,23,106,624,3,733
7,148,3607,5888,1949,193,20,970,541,9131,556,590,2449,9325,34,11808
7 AVENUE,2,32,63,29,2,0,14,21,43,5,46,43,86,0,129
71 AVE.-FOREST HILLS,8,59,70,23,2,1,21,36,58,14,32,45,117,0,162
71 STREET,0,12,24,18,1,0,16,2,20,4,13,17,38,0,55
72 STREET,4,156,196,102,10,1,40,82,202,20,124,166,302,1,469
72ND STREET,0,17,32,25,2,0,14,10,20,1,31,32,44,0,76
74 ST.-BROADWAY,17,432,708,214,22,5,163,53,1027,91,56,266,1125,4,1395
75 AVENUE,0,4,5,1,0,0,0,2,8,0,0,3,7,0,10
75 ST.-ELDERTS LANE,0,6,13,7,0,0,3,4,18,0,1,4,22,0,26
77 STREET,15,235,299,131,14,3,72,118,332,21,149,183,511,1,695
79 STREET,0,39,73,60,2,2,34,10,89,8,31,44,129,1,174
7TH AVENUE,0,3,13,5,0,0,0,2,9,0,10,6,15,0,21
8 AVENUE,2,97,153,76,16,2,136,35,105,17,50,107,236,2,345
8 ST.-NYU,0,12,13,3,4,1,7,8,6,5,5,7,25,0,32
80 STREET,1,25,40,25,2,0,16,15,50,9,3,14,79,0,93
81 ST.-MUSEUM OF NATURAL HISTORY,0,15,16,2,0,0,6,7,4,0,16,14,19,0,33
82 ST.-JACKSON HEIGHTS,18,363,624,178,23,0,41,31,1053,34,51,253,953,4,1210
85 ST.-FOREST PKWY.,0,2,15,8,0,1,2,2,17,2,1,7,18,0,25
86 STREET,23,547,660,246,35,7,105,344,685,43,333,380,1131,6,1517
86TH STREET,1,47,70,31,6,1,18,18,28,2,88,58,97,0,155
88 STREET,1,14,18,13,3,0,3,17,22,5,2,1,48,0,49
9 AVENUE,0,7,5,12,0,1,3,5,12,1,2,5,19,0,24
90 ST.-ELMHURST AVE.,7,268,560,248,21,4,47,12,961,58,24,255,846,5,1106
95 STREET-BAY RIDGE,0,2,1,2,0,0,0,0,3,1,1,1,4,0,5
96 STREET,23,491,566,229,28,3,104,308,604,37,286,368,967,7,1342
96TH STREET,0,55,87,34,6,0,18,59,50,14,41,56,126,0,182
9TH STREET,4,22,29,12,3,0,6,23,28,1,12,12,58,0,70
A,25,574,940,493,67,12,164,840,820,105,166,396,1709,2,2107
"A,B,C,D",79,1737,2396,916,112,11,375,1639,1909,208,1128,1476,3771,22,5270
"A,B,C,D,E,F,M",5,447,371,72,12,2,86,174,227,43,378,251,658,1,910
"A,C",77,1737,2432,749,96,27,382,1931,1656,188,918,1260,3822,20,5102
"A,C,E",127,2990,4256,1300,195,42,623,1917,4107,511,1700,2218,6658,24,8900
"A,C,F",34,654,532,193,18,9,278,469,338,76,266,406,1022,8,1436
"A,C,G",3,168,248,60,8,1,36,179,136,20,115,141,344,2,487
"A,S",0,13,17,14,2,0,1,19,18,2,7,6,41,0,47
ALABAMA AVENUE,0,10,22,2,1,1,0,25,8,0,1,3,32,0,35
ALLERTON AVENUE,2,34,64,43,5,0,5,70,63,2,8,19,129,0,148
AQUEDUCT-NORTH CONDUIT AVE.,0,4,4,6,0,0,4,4,3,2,1,2,12,0,14
AQUEDUCT-RACETRACK,0,12,46,73,19,2,38,56,36,9,10,32,119,0,151
ASTOR PLACE,1,41,20,10,0,0,7,13,25,4,23,13,59,0,72
ASTORIA BLVD.,1,54,96,20,4,0,14,15,89,22,36,24,152,0,176
ATLANTIC AVENUE,15,436,562,177,26,3,66,590,305,51,206,338,879,4,1221
"AVENUE ""H""",0,8,19,7,1,0,5,9,9,1,11,10,25,0,35
"AVENUE ""I""",0,2,0,2,0,0,0,0,2,2,0,0,4,0,4
"AVENUE ""J""",0,6,21,6,0,0,6,7,8,0,12,5,28,0,33
"AVENUE ""M""",0,12,55,30,3,1,9,17,25,3,45,37,62,1,100
"AVENUE ""N""",0,0,1,2,0,0,1,0,0,1,1,1,2,0,3
"AVENUE ""P""",0,3,3,2,0,0,1,1,0,1,5,2,5,1,8
"AVENUE ""U""",0,17,39,17,5,0,7,9,21,6,35,22,55,1,78
"AVENUE ""X""",0,0,0,1,0,0,0,0,0,0,1,0,1,0,1
"B,C",12,228,242,72,10,1,64,174,165,15,145,152,408,4,564
"B,D",14,543,892,382,44,1,44,769,906,54,103,193,1679,5,1877
"B,D,E",1,15,26,5,2,0,5,14,20,1,9,15,34,0,49
"B,D,F",27,492,565,164,24,5,189,241,504,77,259,363,910,2,1275
"B,D,F,M",20,694,845,272,39,11,259,321,744,64,479,508,1363,7,1878
"B,Q",27,443,759,434,31,3,115,369,362,83,768,480,1208,12,1700
"B,Q,R",11,202,265,103,11,3,119,159,126,26,159,216,374,2,592
"B,Q,S",2,55,79,36,3,0,9,97,24,2,43,44,131,0,175
BAY 50 STREET,0,2,15,12,1,0,9,5,10,0,6,8,22,0,30
BAY PARKWAY,0,31,69,42,1,1,43,10,47,4,38,52,90,1,143
BAY RIDGE AVENUE,0,8,16,21,1,0,8,5,18,2,13,12,34,0,46
BAYCHESTER AVENUE,0,19,29,8,1,0,0,41,16,0,0,8,49,0,57
BEACH 105 STREET,0,1,1,0,0,0,0,1,1,0,0,0,2,0,2
BEACH 25 STREET,1,22,24,11,0,0,1,38,13,3,3,12,46,0,58
BEACH 36 STREET,0,11,16,4,0,0,0,19,10,1,1,3,28,0,31
BEACH 44 STREET,1,6,6,8,0,0,0,12,5,1,3,6,14,1,21
BEACH 60 STREET,0,16,29,16,4,0,1,45,12,6,3,5,62,0,67
BEACH 67 STREET,1,56,69,26,2,3,2,78,48,8,16,37,118,0,155
BEACH 90 STREET,0,1,2,1,0,0,0,3,0,0,1,0,4,0,4
BEACH 98 STREET,0,8,10,12,2,0,0,14,14,1,4,6,27,0,33
BEDFORD AVENUE,2,130,179,28,2,0,30,46,84,9,172,91,247,3,341
BEDFORD PK. BLVD.,0,8,15,2,0,0,0,4,19,1,1,4,21,0,25
BEDFORD PK. BLVD.-LEHMAN COLLEGE,3,53,111,62,3,0,3,52,166,4,7,17,215,0,232
BEDFORD-NOSTRAND AVENUES,1,51,81,19,2,0,11,31,40,4,69,58,96,1,155
BERGEN STREET,0,20,45,14,3,1,6,21,27,5,22,25,57,0,82
BEVERLEY ROAD,0,3,4,1,0,0,0,3,3,0,2,3,5,0,8
BEVERLY ROAD,0,10,36,5,0,1,1,32,13,1,3,7,44,0,51
BLEECKER STREET,14,302,302,110,17,3,81,130,268,20,243,186,558,1,745
BOROUGH HALL,2,38,55,25,4,1,9,54,27,4,29,31,93,0,124
BOTANIC GARDEN,1,13,3,0,0,0,0,9,5,0,3,5,12,0,17
BOWERY,1,18,28,8,4,0,11,10,16,1,21,17,42,0,59
BOWLING GREEN,0,10,18,7,0,0,0,13,15,1,6,3,32,0,35
BRIGHTON BEACH,3,61,119,87,8,0,22,20,55,17,164,68,209,1,278
BROAD CHANNEL,0,3,2,0,0,0,0,1,1,1,2,0,5,0,5
BROAD STREET,0,9,18,2,0,0,2,3,15,1,8,7,22,0,29
BROADWAY,0,9,18,6,0,0,2,3,21,1,6,1,32,0,33
BROADWAY-EAST NEW YORK,7,71,96,38,2,0,4,116,64,3,27,62,151,1,214
BROADWAY-EASTERN PKWY,0,4,3,1,0,0,0,5,2,0,1,0,8,0,8
BROADWAY/LAFAYETTE,11,299,302,91,18,6,109,121,242,18,226,222,498,2,722
BROADWAY/NASSAU,52,1060,1232,357,59,19,235,1034,914,118,443,690,2064,9,2763
BRONX PARK EAST,2,71,99,43,3,2,28,79,86,5,18,30,188,0,218
BROOK AVENUE,3,99,184,81,10,0,5,151,194,6,22,25,353,0,378
BROOKLYN BRIDGE-CITY HALL,2,27,35,6,0,0,6,17,30,0,17,12,58,0,70
BUHRE AVENUE,0,2,0,1,0,0,0,1,2,0,0,1,2,0,3
BURKE AVENUE,4,28,40,19,4,0,5,56,27,3,4,17,77,1,95
BURNSIDE AVENUE,4,109,159,52,9,1,2,156,157,5,14,29,305,1,335
BUSHWICK AVE.-ABERDEEN ST.,0,3,5,1,0,0,0,1,1,0,7,4,5,0,9
C,10,366,583,204,16,2,55,506,312,34,270,237,938,4,1179
"C,E",4,171,324,128,13,4,77,139,242,29,155,161,484,1,646
CANAL STREET,27,521,604,175,41,5,170,305,472,79,338,368,1000,1,1369
CARROLL STREET,0,8,27,9,0,0,3,3,18,2,18,9,35,0,44
CASTLE HILL AVENUE,2,61,67,41,4,0,16,34,119,3,3,10,165,0,175
CENTRAL AVENUE,0,0,3,0,0,0,0,2,0,0,1,1,2,0,3
CHAMBERS ST.-WORLD TRADE CENTER,2,84,80,29,3,3,16,53,75,8,43,38,159,1,198
CHAMBERS STREET,8,94,115,34,6,1,26,80,104,2,44,66,191,0,257
CHAUNCEY STREET,0,6,10,1,1,0,0,9,5,0,4,3,14,1,18
CHRISTOPHER ST.-SHERIDAN SQ.,5,117,115,19,6,1,16,66,76,15,89,57,206,0,263
CHURCH AVENUE,2,104,171,88,5,0,23,192,110,3,44,81,290,1,372
CITY HALL,1,4,4,0,0,0,5,1,1,0,2,3,6,0,9
CLARK STREET,2,12,4,3,0,0,2,5,7,1,6,6,15,0,21
CLASSON AVENUE,0,12,6,2,1,0,4,8,5,0,4,5,16,0,21
CLEVELAND STREET,0,1,0,1,0,0,0,1,1,0,0,0,2,0,2
CLINTON-WASHINGTON AVENUES,0,60,95,27,2,0,15,36,55,5,73,63,121,0,184
CORTELYOU ROAD,1,5,5,0,0,0,0,6,2,0,3,5,6,0,11
CORTLANDT STREET,0,20,29,6,3,2,7,11,27,1,10,9,48,1,58
COURT SQUARE,0,13,26,9,0,0,6,6,28,3,5,13,35,0,48
COURT STREET,0,1,6,4,1,0,1,4,3,1,3,7,5,0,12
CRESCENT STREET,1,14,20,16,2,0,0,5,42,3,3,9,44,0,53
CYPRESS AVENUE,2,34,35,21,3,0,1,25,65,1,3,11,84,0,95
CYPRESS HILLS,0,2,0,2,0,0,0,1,2,0,1,1,3,0,4
D,4,168,396,239,19,4,141,83,409,28,161,224,601,1,826
"D,F,N,Q",15,307,638,350,44,2,74,576,423,31,250,323,1031,2,1356
"D,N,R",3,211,388,186,14,2,105,159,327,38,172,244,558,1,803
DEKALB AVENUE,13,305,505,158,23,3,138,190,278,35,360,317,683,4,1004
DELANCEY STREET,16,412,499,172,22,6,157,245,329,36,352,327,794,4,1125
DISTRICT 1 OFFICE,1,6,8,2,0,0,1,7,10,0,0,4,14,0,18
DISTRICT 11 OFFICE,0,0,0,1,0,0,0,0,1,0,0,1,0,0,1
DISTRICT 12 OFFICE,0,1,1,0,0,0,0,0,2,0,0,0,2,0,2
DISTRICT 2 OFFICE,0,1,1,0,0,0,0,0,1,0,1,2,0,0,2
DISTRICT 20 OFFICE,0,1,1,0,0,0,1,0,1,0,0,0,2,0,2
DISTRICT 23 OFFICE,0,0,1,1,0,0,0,1,0,0,1,1,1,0,2
DISTRICT 3 OFFICE,0,0,5,0,0,0,0,3,1,0,1,2,3,0,5
DISTRICT 30 OFFICE,0,2,2,0,0,0,0,3,0,0,1,1,3,0,4
DISTRICT 33 OFFICE,0,2,5,1,0,0,0,3,3,0,2,2,6,0,8
DISTRICT 34 OFFICE,0,0,1,0,0,0,0,1,0,0,0,0,1,0,1
DISTRICT 4 OFFICE,1,5,7,0,1,0,1,3,4,0,6,3,11,0,14
DITMARS BLVD.-ASTORIA,3,75,78,15,0,0,11,16,93,12,39,32,139,0,171
DITMAS AVENUE,0,6,6,0,0,0,0,1,4,0,7,2,10,0,12
DYRE AVE.-EASTCHESTER,0,0,2,1,1,0,1,3,0,0,0,1,3,0,4
E,0,3,5,0,0,0,1,1,6,0,0,1,7,0,8
"E,F",6,93,109,61,6,2,41,34,155,15,28,87,188,0,275
"E,F,M,R",30,576,870,319,30,20,339,89,1106,159,113,406,1414,6,1826
"E,J,Z",13,223,420,205,25,1,56,278,326,109,120,241,640,9,890
"E,M",2,135,211,77,18,6,64,69,165,13,127,150,293,1,444
"E,M,R",0,35,55,18,1,1,18,11,61,6,12,24,85,0,109
EAST 105 STREET,0,3,4,2,0,0,0,6,3,0,0,1,8,0,9
EAST 143 ST.-ST. MARYS STREET,0,5,6,3,0,0,0,5,9,0,0,0,14,0,14
EAST 149 STREET,2,77,115,51,6,0,11,68,158,2,12,26,224,1,251
EAST 174 STREET,0,35,84,39,7,0,1,85,73,0,7,14,151,1,166
EAST 177 ST.-PARKCHESTER,3,86,87,64,5,1,23,85,129,4,4,35,211,0,246
EAST 180 STREET,6,192,317,177,14,3,22,290,333,20,39,127,578,2,707
EAST BROADWAY,2,28,39,18,5,2,31,11,20,3,25,34,58,0,92
EAST TREMONT AV.-WESTCHESTER SQ.,2,9,5,1,2,1,0,3,12,0,3,1,18,0,19
EAST TREMONT AVE.-WEST FARMS SQ.,2,44,84,52,2,1,4,78,90,2,9,27,157,0,184
EASTERN PKWY-BROOKLYN MUSEUM,0,31,37,9,1,0,3,30,16,2,27,22,55,1,78
ELDER AVENUE,5,58,141,68,4,0,5,70,196,4,2,35,240,2,277
ELMHURST AVE.,1,51,82,44,5,0,44,4,88,38,9,41,142,0,183
ESSEX STREET,0,38,43,8,0,1,16,19,24,1,28,26,62,1,89
EUCLID AVENUE,0,26,64,21,2,0,8,65,30,6,4,15,98,0,113
F,45,1247,1539,682,70,54,571,629,1363,236,739,942,2637,13,3592
"F,G",7,148,301,108,8,1,57,98,199,21,197,167,406,0,573
"F,M",3,48,54,30,5,0,16,30,51,10,34,36,105,0,141
FAR ROCKAWAY-MOTT AVE.,8,140,250,99,12,1,9,263,199,20,17,80,428,1,509
FLATBUSH AVE.-BROOKLYN COLLEGE,8,134,157,70,7,0,18,237,78,8,38,95,284,0,379
FLUSHING AVENUE,2,106,188,58,7,0,19,116,124,9,94,69,292,1,362
FORDHAM ROAD,2,102,254,122,10,0,9,134,310,14,24,38,453,0,491
FOREST AVENUE,0,4,1,0,0,0,0,2,1,1,1,2,3,0,5
FORT HAMILTON PKWY,3,71,157,89,9,2,80,28,157,14,48,85,244,0,329
FRANKLIN AVENUE,2,183,335,99,2,0,43,249,137,17,176,159,460,3,622
FRANKLIN STREET,0,9,8,5,0,0,0,8,12,0,2,5,17,0,22
FREEMAN STREET,3,52,85,26,4,0,4,75,78,7,7,20,150,1,171
FRESH POND ROAD,0,6,14,1,1,0,3,5,7,1,6,5,16,1,22
FULTON STREET,16,398,483,166,17,6,78,367,397,30,202,278,800,2,1080
Fordham Rd/Grand Concource,0,31,43,14,4,0,2,32,51,3,4,8,82,2,92
G,7,237,439,123,13,0,74,158,304,25,259,258,560,2,820
GATES AVENUE,0,14,21,8,1,0,5,13,13,1,12,13,31,0,44
GRAHAM AVENUE,0,31,74,11,3,0,6,24,45,3,41,27,89,3,119
GRAND ARMY PLAZA,0,5,5,3,0,0,1,6,2,0,5,6,8,0,14
GRAND AVE.-NEWTON,2,37,97,45,2,4,54,9,87,14,15,53,129,1,183
GRAND STREET,3,48,55,24,2,0,25,12,37,4,54,39,93,0,132
GRANT AVENUE,0,11,15,7,1,0,4,17,9,2,2,5,29,0,34
GREENPOINT AVENUE,2,14,43,11,2,0,5,14,26,1,26,26,46,0,72
GUN HILL ROAD,12,176,292,135,18,0,13,366,214,12,28,52,579,2,633
HALSEY STREET,0,30,40,14,1,0,4,23,30,1,27,13,71,1,85
HEWES STREET,0,10,18,7,2,0,3,5,9,3,17,13,22,2,37
HIGH STREET,0,18,22,12,1,0,10,18,16,0,9,14,38,1,53
HOUSTON STREET,1,10,12,4,0,0,2,12,6,1,6,7,20,0,27
HOWARD BEACH-JFK AIRPORT,0,3,6,2,0,0,0,6,2,2,1,1,10,0,11
HOYT STREET,2,45,64,17,1,0,13,68,20,3,25,34,95,0,129
HOYT-SCHERMERHORN,3,168,248,60,8,1,36,179,136,20,115,141,344,2,487
HUNTERS POINT AVENUE,0,6,13,4,0,0,2,5,10,2,4,2,21,0,23
HUNTS POINT AVENUE,9,172,234,71,10,1,8,219,244,8,19,55,444,0,499
INTERVALE AVENUE,1,45,110,35,4,0,9,76,99,2,9,24,171,0,195
J,0,44,80,21,1,2,9,46,54,5,30,27,118,1,146
"J,L,Z",0,4,3,1,0,0,0,5,2,0,1,0,8,0,8
"J,M",5,143,248,76,9,0,41,139,157,13,132,102,377,3,482
"J,M,Z",4,224,314,63,3,1,46,151,166,21,223,128,477,3,608
"J,Z",5,167,263,95,19,0,60,133,220,28,108,130,417,2,549
JACKSON AVENUE,1,32,86,32,0,0,1,64,78,3,5,20,131,0,151
JAMAICA-VAN WYCK,0,3,5,0,0,0,1,1,6,0,0,1,7,0,8
JAY STREET-BOROUGH HALL,34,654,532,193,18,9,278,469,338,76,266,406,1022,8,1436
JEFFERSON STREET,1,96,205,61,3,0,20,49,128,20,149,92,272,2,366
JUNCTION BLVD.,16,352,661,161,13,1,22,18,1097,30,36,287,914,3,1204
JUNIUS STREET,1,57,74,26,0,0,2,104,33,4,15,21,136,1,158
KINGS HIGHWAY,13,182,372,224,15,2,73,107,200,36,390,229,574,5,808
KINGSBRIDGE ROAD,4,61,88,51,10,0,2,67,139,1,5,23,190,1,214
KINGSTON AVENUE,1,13,34,20,2,0,0,33,23,0,14,21,49,0,70
KINGSTON-THROOP AVENUES,1,14,24,7,3,0,2,25,9,0,13,15,34,0,49
KNICKERBOCKER AVENUE,0,1,1,0,0,0,0,1,0,0,1,0,2,0,2
KOSCIUSKO STREET,0,12,28,3,0,0,3,9,16,1,14,10,33,0,43
L,33,1380,2138,506,56,7,287,893,1262,138,1535,1034,3070,18,4122
LAFAYETTE AVENUE,0,17,8,12,0,0,2,14,14,3,4,7,30,0,37
LAWRENCE STREET,0,10,7,2,0,0,2,7,4,0,6,7,12,0,19
LEFFERTS BLVD.,1,23,41,22,5,1,17,41,18,13,2,11,81,0,92
LEXINGTON AVE.,5,58,78,30,5,0,28,24,69,11,44,47,129,0,176
LEXINGTON AVENUE,1,101,157,63,17,6,55,58,95,10,115,120,218,1,339
LIBERTY AVENUE,0,12,23,11,0,1,2,15,15,4,9,7,39,0,46
LIVONIA AVENUE,4,105,116,55,5,0,9,193,59,2,22,63,222,0,285
LONGWOOD AVENUE,0,17,20,15,0,1,0,18,30,1,2,2,50,0,52
LORIMER STREET,6,172,249,41,5,1,58,76,123,8,212,148,329,1,478
M,0,18,30,6,1,0,4,15,20,3,13,16,38,1,55
"M,N,Q,R",6,95,117,28,5,1,47,56,109,6,32,70,181,0,251
"M,R",11,253,442,195,18,8,165,79,464,101,102,239,673,7,919
MAIN ST.-FLUSHING,24,583,812,298,48,1,331,78,1188,89,82,439,1327,3,1769
MARCY AVENUE,2,100,141,28,3,0,19,47,80,8,120,52,222,0,274
METROPOLITAN AVENUE,2,53,102,18,1,0,16,47,55,4,54,59,116,1,176
MIDDLETOWN ROAD,0,0,3,1,0,0,0,1,2,0,1,0,4,0,4
MONTROSE AVENUE,0,26,19,6,0,0,4,9,14,1,23,21,30,0,51
MORGAN AVENUE,3,143,250,35,5,0,29,88,85,21,213,104,331,1,436
MORRIS PARK,0,0,6,1,0,0,1,3,1,0,2,2,5,0,7
MOSHOLU PKWY.,0,33,46,31,4,0,4,28,74,1,7,7,107,0,114
MT. EDEN AVENUE,0,27,42,18,5,0,0,23,67,0,2,9,83,0,92
MYRTLE AVENUE,2,86,130,27,0,0,11,85,62,12,75,50,193,2,245
MYRTLE-WILLOUGHBY AVENUES,0,13,23,4,3,0,4,9,18,0,12,11,32,0,43
MYRTLE/WYCKOFF AVENUES,4,102,230,58,1,1,18,39,235,13,90,69,324,3,396
N,2,139,277,186,24,3,257,36,209,25,99,203,423,3,629
"N,Q",4,145,205,49,5,0,29,41,211,43,85,60,348,1,409
"N,Q,7",1,95,119,37,3,2,35,28,153,9,28,66,188,1,255
"N,Q,R",22,451,535,153,18,5,137,186,491,69,300,274,906,8,1188
"N,R",3,154,234,96,11,3,68,77,239,21,91,97,402,0,499
NASSAU AVENUE,2,38,74,27,3,0,17,11,61,5,50,45,99,0,144
NECK ROAD,0,10,12,2,0,0,2,4,4,0,14,9,15,0,24
NEPTUNE AVENUE,0,3,4,2,1,0,1,0,3,0,6,3,7,0,10
NEVINS STREET,0,38,70,21,2,0,12,67,32,2,18,27,104,0,131
NEW LOTS AVENUE,1,24,29,12,2,0,0,49,12,2,5,12,56,0,68
NEW UTRECHT AVENUE,0,4,9,4,0,0,4,2,10,0,1,5,12,0,17
NEWKIRK AVENUE,4,32,48,21,2,0,2,59,23,4,20,22,85,1,108
NORTHERN BLVD.,0,7,18,4,0,1,2,2,22,1,1,1,27,1,29
NORWOOD AVENUE,0,7,8,3,0,0,0,10,7,0,1,1,17,0,18
NOSTRAND AVENUE,11,278,514,144,10,7,69,421,219,20,225,258,699,4,961
OCEAN PKWY,0,9,24,16,0,0,4,6,10,3,26,23,26,0,49
OFF-SYSTEM,4,38,87,28,8,0,18,57,56,2,32,36,127,2,165
PACIFIC STREET,2,79,140,66,6,2,35,85,91,23,58,77,217,0,294
PARK PLACE,0,1,0,1,0,0,1,1,0,0,0,1,1,0,2
PARKSIDE AVENUE,0,9,6,2,0,0,1,7,4,1,4,5,12,0,17
PARSONS BLVD.,0,51,92,39,0,4,12,41,92,23,10,31,151,0,182
PARSONS/ARCHER-JAMAICA CENTER,3,56,75,31,0,0,2,71,75,15,3,22,143,1,166
PELHAM BAY PARK,4,9,8,7,1,0,1,11,17,0,0,5,24,0,29
PELHAM PKWY.,0,20,33,20,1,0,4,29,35,1,6,11,64,0,75
PENNSYLVANIA AVENUE,1,10,16,9,0,0,0,23,11,0,2,16,20,0,36
PRESIDENT STREET,0,11,8,4,2,0,1,12,10,1,2,4,21,1,26
PRINCE STREET,1,23,28,8,2,0,13,10,18,4,17,18,44,0,62
PROSPECT AVENUE,6,101,171,63,9,0,12,147,156,11,24,65,284,1,350
PROSPECT PARK,2,55,79,36,3,0,9,97,24,2,43,44,131,0,175
Q,2,197,370,169,22,2,84,155,181,30,308,262,496,2,760
"Q,F",1,15,13,11,0,0,3,9,12,4,13,12,29,0,41
QUEENS PLAZA,0,35,55,18,1,1,18,11,61,6,12,24,85,0,109
QUEENSBORO PLAZA,1,95,119,37,3,2,35,28,153,9,28,66,188,1,255
R,13,180,373,169,19,5,67,175,331,30,148,156,597,3,756
RALPH AVENUE,2,80,133,39,3,0,11,163,33,3,47,44,212,1,257
RECTOR STREET,0,6,4,1,0,1,1,3,5,0,1,4,7,0,11
ROCKAWAY AVENUE,5,49,82,37,4,1,5,115,34,5,18,26,152,0,178
ROCKAWAY BLVD.,5,95,163,79,7,4,40,112,154,16,24,74,276,0,350
ROCKAWAY PARK-BEACH 116 ST.,0,0,2,1,0,0,1,0,2,0,0,0,3,0,3
ROCKAWAY PKWY-CANARSIE,0,18,33,16,3,0,1,48,17,2,3,8,63,0,71
ROOSEVELT AVE.-JACKSON HEIGHTS,22,517,800,296,28,19,318,53,1048,145,81,361,1297,6,1664
ROOSEVELT ISLAND,0,4,3,1,0,0,0,3,4,1,0,2,6,0,8
S,72,1378,1456,391,52,20,311,717,1393,138,775,886,2457,11,3354
SARATOGA AVENUE,2,31,36,9,1,1,4,57,15,1,2,10,70,0,80
SENECA AVENUE,0,2,2,2,0,0,0,2,3,0,1,2,4,0,6
SHEEPSHEAD BAY,7,102,130,66,4,1,25,52,58,18,155,82,224,3,309
SHEPHERD AVENUE,0,3,12,6,0,0,2,12,6,0,1,2,19,0,21
SIMPSON STREET,6,229,308,134,14,0,9,325,327,1,30,70,621,1,692
SMITH-9 STREETS,0,17,19,4,0,0,5,14,11,0,10,7,33,0,40
SOUNDVIEW AVENUE,3,100,165,70,4,1,4,89,231,6,11,34,307,1,342
SOUTH FERRY,11,150,182,74,11,1,23,140,158,22,85,95,332,2,429
SPRING STREET,2,75,105,39,3,2,23,56,80,6,59,60,166,0,226
ST. LAWRENCE AVENUE,1,61,79,28,3,0,10,47,105,8,2,10,161,1,172
STEINWAY ST.,0,12,10,0,2,0,3,2,11,6,2,5,19,0,24
STERLING STREET,0,14,36,13,2,1,0,33,15,1,15,19,46,0,65
STILLWELL AVENUE-CONEY ISLAND,15,307,638,350,44,2,74,576,423,31,250,323,1031,2,1356
SUTPHIN BLVD.,6,113,145,72,5,4,47,33,207,33,17,77,263,1,341
SUTPHIN BLVD.-ARCHER AVE.,10,167,345,174,25,1,54,207,251,94,117,219,497,8,724
SUTTER AVENUE,0,12,20,6,1,0,1,20,16,0,2,4,34,1,39
SUTTER AVENUE-RUTLAND ROAD,3,70,95,40,5,0,4,146,52,5,8,43,172,0,215
TREMONT AVENUE,1,21,44,35,4,0,1,30,64,2,8,12,93,0,105
UNION SQUARE,6,112,121,28,4,0,23,54,105,10,79,70,199,2,271
UNION STREET,1,30,58,18,0,0,7,24,43,3,30,24,82,1,107
UNION TURNPIKE-KEW GARDENS,6,79,96,47,5,2,35,31,131,12,22,73,160,0,233
UTICA AVE.-CROWN HEIGHTS,6,236,330,128,19,2,23,444,153,13,87,175,545,2,722
UTICA AVENUE,3,105,182,47,6,2,11,157,57,15,102,68,274,2,344
VAN SICLEN AVENUE,3,27,63,14,0,0,2,53,39,2,12,19,89,0,108
VAN WYCK BLVD.-BRIARWOOD,0,10,8,13,1,0,6,1,16,3,6,11,21,0,32
VERNON BLVD.-JACKSON AVE.,2,26,31,10,0,0,13,2,32,6,16,20,49,0,69
W. 4 STREET,5,447,371,72,12,2,86,174,227,43,378,251,658,1,910
WALL STREET,0,11,11,2,0,1,3,5,10,2,3,6,18,0,24
WEST 8 STREET-NY AQUARIUM,1,15,13,11,0,0,3,9,12,4,13,12,29,0,41
WHITEHALL ST.-SOUTH FERRY,2,9,12,6,1,0,4,9,14,2,1,6,23,1,30
WHITLOCK AVENUE,3,34,48,9,2,0,1,42,51,1,1,14,82,0,96
WILLETS POINT-SHEA STADIUM,2,42,67,18,1,0,4,59,55,2,10,16,114,0,130
WILSON AVENUE,0,29,31,8,2,0,1,21,26,3,20,13,57,1,71
WINTHROP STREET,1,36,47,15,4,0,8,58,17,2,18,19,83,1,103
WOODHAVEN BLVD.,6,93,140,66,4,1,36,46,166,31,29,78,227,4,309
WOODLAWN,5,156,248,127,18,1,10,196,292,10,46,49,504,2,555
WYCKOFF AVENUE,0,5,7,3,0,0,1,2,8,1,3,6,9,0,15
YORK STREET,0,25,35,17,1,1,10,16,24,2,25,22,56,0,78
ZEREGA AVENUE,1,6,3,5,0,0,0,4,9,1,1,0,15,0,15
